,,,,,,,,
Keywords,Translation,Search Volume,Initial Ranking (D),Target,Target (D),Initial Ranking (M),Target,Target (M)
الخطوط السعودية,Saudi Arabian Airlines,1500000,7,Top 3,3,7,Top 3,3
الخطوط السعوديه,Saudi Arabian Airlines,1500000,7,Top 3,3,6,Top 3,3
خطوط السعودية,Saudi Airlines,1500000,8,Top 3,3,8,Top 3,3
طيران ناس,Nas Air,450000,14,Top 5,5,15,Top 5,5
طيران اديل,Air Adele,301000,100,Top 10,10,100,Top 10,10
حجز طيران,booking flight,246000,30,Top 10,10,23,Top 10,10
حجوزات طيران,flight reservations,246000,22,Top 10,10,20,Top 5,5
حجز الطيران,flight booking,246000,20,Top 5,5,19,Top 5,5
حجز الخطوط السعودية,Booking Saudi Airlines,110000,8,Top 3,3,9,Top 3,3
مصر للطيران,EgyptAir,110000,22,Top 10,10,28,Top 10,10
الخطوط الجوية السعودية,Saudi airlines,110000,5,Top 3,3,6,Top 3,3
حجوزات الخطوط السعودية,Saudi Airlines Reservation,110000,9,Top 3,3,9,Top 3,3
فلاي دبي,fly Dubai,90500,13,Top 5,5,12,Top 5,5
طيران السعودية,Saudi Airlines,74000,33,Top 10,10,29,Top 10,10
طيران السعوديه,Saudi Airlines,74000,29,Top 10,10,33,Top 10,10
طيران الخليج,Gulf Air,60500,12,Top 5,5,12,Top 5,5
نسما,Nesma,60500,18,Top 5,5,19,Top 5,5
طيران الخليجية,Gulf Air,60500,15,Top 5,5,14,Top 5,5
الطيران السعودي,Saudi Aviation,49500,13,Top 5,5,11,Top 5,5
العربية للطيران,Arabia Airlines,49500,11,Top 5,5,11,Top 5,5
طيران نسما,Nesma Flight,49500,13,Top 5,5,17,Top 5,5
طيران السعودي,Saudi Airlines,49500,11,Top 5,5,9,Top 3,3
حجز طيران السعودية,Booking Saudi Airlines,40500,9,Top 3,3,9,Top 3,3
طيران العربية,Air Arabia,40500,11,Top 5,5,8,Top 3,3
الخطوط التركية,Turkish Airlines,40500,13,Top 5,5,12,Top 5,5
ارخص طيران,Cheapest flight,40500,22,Top 10,10,21,Top 10,10
طيران الامارات,Fly Emirates,40500,10,Top 3,3,51,Top 10,10
السعودية,Saudi,246000,49,Top 10,10,45,Top 10,10
عروض الخطوط السعودية,Saudi Airlines Offers,14800,24,Top 10,10,42,Top 10,10
مصر الطيران,EgyptAir,110000,31,Top 10,10,31,Top 10,10
الخليجية,Gulf,18100,15,Top 5,5,29,Top 10,10
الخطوط السعودية الخليجية,Saudi Arabian Airlines Gulf,9900,15,Top 5,5,23,Top 10,10
طيران العربيه,Air Arabia,40500,11,Top 5,5,8,Top 3,3
طيران,Flight,33100,100,Top 10,10,100,Top 10,10
حجز طيران ناس,Booking of nas air,33100,12,Top 5,5,12,Top 5,5
الخطوط السعودية حجز,Saudi Airlines Booking,33100,8,Top 3,3,9,Top 3,3
الخطوط العربية السعودية,Saudi Arabian Airlines,33100,5,Top 3,3,6,Top 3,3
السعودية الخليجية,Saudi Arabia Gulf,33100,18,Top 5,5,18,Top 5,5
طيران النيل,Nile Air,27100,9,Top 3,3,9,Top 3,3
فلاي اديل,Fly Adele,27100,24,Top 10,10,32,Top 10,10
طيران الاتحاد,Etihad Airways,27100,11,Top 5,5,13,Top 5,5
حجز طيران اديل,Book flights to Adele,27100,43,Top 10,10,39,Top 10,10
نسما للطيران,Nesma Aviation,27100,18,Top 5,5,36,Top 10,10
الخطوط الاماراتية,Emirates Airlines,22200,7,Top 3,3,7,Top 3,3
السعودية للطيران,Saudi Airlines,22200,8,Top 3,3,9,Top 3,3
حجز الخطوط السعودية داخلي,Booking of Saudi Airlines,22200,8,Top 3,3,8,Top 3,3
حجز تذاكر طيران,flight tickets reservation,18100,19,Top 5,5,18,Top 5,5
تذاكر طيران مخفضة,Discount airline tickets,18100,100,Top 10,10,100,Top 10,10
الخطوط المصرية,Egyptian Airlines,18100,26,Top 10,10,28,Top 10,10
حجز تذكرة طيران,Airline ticket booking,18100,22,Top 10,10,21,Top 10,10
حجز تذاكر الطيران,Booking of airline tickets,18100,17,Top 5,5,17,Top 5,5
الحجز,Reservations,18100,100,Top 10,10,100,Top 10,10
خطوط ناس,NAS lines,18100,15,Top 5,5,13,Top 5,5
تذاكر طيران,Airline tickets,14800,19,Top 5,5,18,Top 5,5
النيل للطيران,Nile Aviation,14800,7,Top 3,3,8,Top 3,3
حجز الخطوط السعودية الدولية,Booking of Saudi International Airlines,14800,8,Top 3,3,8,Top 3,3
تذاكر الطيران,flight tickets,14800,21,Top 10,10,19,Top 5,5
رحلات طيران,air flights,12100,19,Top 5,5,23,Top 10,10
رحلات الطيران,Flights,12100,32,Top 10,10,32,Top 10,10
حجز الخطوط,Booking lines,12100,9,Top 3,3,8,Top 3,3
الاماراتية,United Arab Emirates,12100,100,Top 10,10,100,Top 10,10
اير كايرو,Air Cairo,9900,14,Top 5,5,14,Top 5,5
عروض طيران,Flights,9900,52,Top 10,10,29,Top 10,10
عروض الطيران,Flights,9900,15,Top 5,5,28,Top 10,10
شركة الخطوط السعودية,Saudi Airlines Company,9900,8,Top 3,3,9,Top 3,3
حجز طيران رخيص,Book cheap flights,8100,18,Top 5,5,18,Top 5,5
الخطوط الجويه السعوديه الحجز عبر الانترنت,Saudi Airlines Booking Online,8100,7,Top 3,3,8,Top 3,3
اسعار تذاكر الطيران,Flight tickets prices,6600,26,Top 10,10,22,Top 10,10
الطيران التركي,Turkish airlines,6600,18,Top 5,5,53,Top 10,10
حجز تذاكر,booking tickets,6600,20,Top 5,5,20,Top 5,5
ارخص تذاكر طيران,Cheapest airline tickets,6600,20,Top 5,5,19,Top 5,5
ارخص حجز طيران,Cheapest flight reservations,6600,27,Top 10,10,22,Top 10,10
عروض طيران ناس,Nass Flights,6600,47,Top 10,10,43,Top 10,10
طيران الشرق الاوسط,Middle East Airlines,5400,22,Top 10,10,23,Top 10,10
استعلام عن حجز طيران ناس,Inquire about booking a flight,5400,24,Top 10,10,24,Top 10,10
حجز مصر للطيران,Booking Egypt Air,5400,15,Top 5,5,17,Top 5,5
طيران بيجاسوس,Pegasus,4400,53,Top 10,10,52,Top 10,10
الخطوط الاردنية,Jordanian Airlines,4400,11,Top 5,5,10,Top 3,3
بيجاسوس,Pegasus,4400,100,Top 10,10,100,Top 10,10
حجز طيران نسما,Booking Nesma Flight,4400,11,Top 5,5,10,Top 3,3
الخطوط الفلبينية,Free Philippine Fonts,4400,10,Top 3,3,11,Top 5,5
الخطوط المغربية,Moroccan Fonts,3600,12,Top 5,5,11,Top 5,5
المصرية للطيران,Egyptian Aviation,3600,13,Top 5,5,12,Top 5,5
حجز طيران النيل,Booking nile air,3600,8,Top 3,3,10,Top 3,3
فلاي ايجيبت,Fly Egypt,2900,100,Top 10,10,100,Top 10,10
حجز طيران العربية,Booking of Arab Airlines,2900,11,Top 5,5,11,Top 5,5
طيران اير كايرو,Air Cairo,2400,14,Top 5,5,16,Top 5,5
اسعار الطيران,Flight Rates,2400,29,Top 10,10,24,Top 10,10
حجز طيران مصر للطيران,Booking of Egypt Air,2400,15,Top 5,5,16,Top 5,5
طيران كايرو,Air Cairo,1900,18,Top 5,5,13,Top 5,5
تذكرة طيران,flight ticket,1900,23,Top 10,10,33,Top 10,10
حجز رحلات,Book flights,1900,20,Top 5,5,22,Top 10,10
الخطوط الجوية التركية,Turkish Airlines,1600,13,Top 5,5,15,Top 5,5
طيران فلاي ان,Fly Flight,1600,100,Top 10,10,100,Top 10,10
طيران المصرية,Egyptian Airlines,1600,6,Top 3,3,6,Top 3,3
حجز طيران فلاي ان,Flight booking,1300,100,Top 10,10,68,Top 10,10
الخطوط الجوية الكويتية,Kuwait Airways,1300,11,Top 5,5,12,Top 5,5
طيران السلام,Peace Flight,1000,100,Top 10,10,100,Top 10,10
تذاكر طيران رخيصة,Cheap Airline Tickets,1000,12,Top 5,5,31,Top 10,10
حجز فلاي ان,Booking Flynn,1000,59,Top 10,10,45,Top 10,10
مواقع حجز طيران,Flight booking sites,1000,100,Top 10,10,100,Top 10,10
الخطوط الملكية المغربية,Royal Moroccan Airlines,880,13,Top 5,5,10,Top 3,3
حجز تذاكر سفر,Booking of tickets,880,24,Top 10,10,20,Top 5,5
فلاى ايجيبت,Fly Egypt,880,100,Top 10,10,100,Top 10,10
طيران ايركايرو,Aircairo Air,880,12,Top 5,5,12,Top 5,5
طيران الكويتية,Kuwait Airways,720,11,Top 5,5,8,Top 3,3
طيران فلاي ايجيبت,Fly Egypt,590,100,Top 10,10,100,Top 10,10
حجز طيران ايرو كيرو,Book flights to Aero Kiro,590,11,Top 5,5,12,Top 5,5
الخطوط الجويه التركيه,Turkish Airlines,480,13,Top 5,5,17,Top 5,5
شركات الطيران التركية,Turkish Airlines,260,24,Top 10,10,23,Top 10,10
الخطوط السعودية فلاي ان,Free Saudi Airlines,210,38,Top 10,10,37,Top 10,10
حجز طيران فلاي ايجيبت,Fly Egypt booking,170,25,Top 10,10,30,Top 10,10
الخطوط الجوية المغربية,Moroccan Airlines,140,11,Top 5,5,8,Top 3,3