,,,,,,,
Keywords,Search Volume,Initial Ranking (D),Target,Target (D),Initial Ranking (M),Target,Target (M)
saudi airline,550000,5,Improve by 30%,3.5,4,Improve by 30%,2.8
gulf air,90500,4,Improve by 30%,2.8,4,Improve by 30%,2.8
gulfair,90500,17,Improve by 30%,11.9,15,Improve by 30%,10.5
gulf airline,90500,6,Improve by 30%,4.2,6,Improve by 30%,4.2
egyptair,49500,23,Improve by 30%,16.1,19,Improve by 30%,13.3
air egypt,49500,18,Improve by 30%,12.6,17,Improve by 30%,11.9
saudia airline,49500,2,Improve by 30%,1.4,2,Improve by 30%,1.4
saudi gulf,22200,6,Improve by 30%,4.2,4,Improve by 30%,2.8
nas air,22200,3,Improve by 30%,2.1,3,Improve by 30%,2.1
saudigulf,22200,13,Improve by 30%,9.1,15,Improve by 30%,10.5
saudi arabian airlines,18100,2,Improve by 30%,1.4,2,Improve by 30%,1.4
nesma airlines,14800,12,Improve by 30%,8.4,11,Improve by 30%,7.7
flyadeal,110000,9,Improve by 30%,6.3,8,Improve by 30%,5.6
flyadeal airline,880,6,Improve by 30%,4.2,6,Improve by 30%,4.2
flyadeal flights,390,11,Improve by 30%,7.7,8,Improve by 30%,5.6
cheap flights,49500,2,Improve by 50%,1,2,Improve by 50%,1
flights,22200,5,Improve by 50%,2.5,1,Maintain,1
flight tickets,6600,1,Maintain,1,1,Maintain,1
booking flight,14800,1,Maintain,1,1,Maintain,1
booking flights,14800,1,Maintain,1,1,Maintain,1
flight booking,14800,1,Maintain,1,1,Maintain,1
air ticket,4400,1,Maintain,1,1,Maintain,1
cheap tickets,5400,6,Improve by 50%,3,2,Improve by 50%,1
cheap air tickets,2400,2,Improve by 50%,1,1,Maintain,1
cheap flights booking,1300,1,Maintain,1,1,Maintain,1
book cheap flights,1300,2,Improve by 50%,1,2,Improve by 50%,1
saudi airlines booking,14800,5,Improve by 30%,3.5,5,Improve by 30%,3.5
saudi airline booking,14800,6,Improve by 30%,4.2,6,Improve by 30%,4.2
flynas booking,5400,5,Improve by 30%,3.5,5,Improve by 30%,3.5
air arabia booking,3600,6,Improve by 30%,4.2,5,Improve by 30%,3.5
flydubai online booking,2900,10,Improve by 30%,7,12,Improve by 30%,8.4
saudi airline booking online,2400,6,Improve by 30%,4.2,6,Improve by 30%,4.2
fly dubai booking,2400,11,Improve by 30%,7.7,11,Improve by 30%,7.7
flyadeal booking,1600,5,Improve by 30%,3.5,5,Improve by 30%,3.5
air egypt booking,1000,9,Improve by 30%,6.3,8,Improve by 30%,5.6
egyptair booking,1000,11,Improve by 30%,7.7,12,Improve by 30%,8.4
air arabia flights booking,880,7,Improve by 30%,4.9,7,Improve by 30%,4.9
air blue booking,880,8,Improve by 30%,5.6,7,Improve by 30%,4.9
turkish airlines booking,720,8,Improve by 30%,5.6,8,Improve by 30%,5.6
etihad airways booking online,590,6,Improve by 30%,4.2,7,Improve by 30%,4.9
emirates airlines booking,590,5,Improve by 30%,3.5,6,Improve by 30%,4.2
kuwait airways booking,590,26,Improve by 30%,18.2,22,Improve by 30%,15.4
emirates flight booking,590,7,Improve by 30%,4.9,3,Improve by 30%,2.1
nas air booking,390,4,Improve by 30%,2.8,3,Improve by 30%,2.1
etihad airways booking,320,6,Improve by 30%,4.2,5,Improve by 30%,3.5
emirates airlines booking online,260,4,Improve by 30%,2.8,4,Improve by 30%,2.8
flynas flight booking,260,5,Improve by 30%,3.5,5,Improve by 30%,3.5
oman airlines booking,260,7,Improve by 30%,4.9,7,Improve by 30%,4.9
flynas offers,2400,11,Improve by 50%,5.5,11,Improve by 50%,5.5
saudi airline offers,1900,9,Improve by 50%,4.5,9,Improve by 50%,4.5
saudi airlines offers,1900,10,Improve by 50%,5,8,Improve by 50%,4
fly dubai offers,480,8,Improve by 50%,4,8,Improve by 50%,4
air arabia offers,260,10,Improve by 50%,5,10,Improve by 50%,5
flyadeal offers,170,8,Improve by 50%,4,7,Improve by 50%,3.5