Keywords,Search Volume,Initial Ranking (D),Tajawal Ranking,Target,Target (D),Initial Ranking (M),Tajawal Ranking,Target,Target (M),Keywords
emirates,368000,12,100,Improve by 30%,8.4,11,100,Improve by 30%,7.7,emirates
air india express,368000,3,4,Improve by 30%,2.1,3,4,Improve by 30%,2.1,air india express
air arabia,368000,2,5,Improve by 30%,1.4,2,5,Improve by 30%,1.4,air arabia
flydubai,301000,2,100,Improve by 30%,1.4,2,43,Improve by 30%,1.4,flydubai
emirates airline,246000,3,12,Improve by 30%,2.1,2,12,Improve by 30%,1.4,emirates airline
emirates airlines,246000,3,11,Improve by 30%,2.1,2,11,Improve by 30%,1.4,emirates airlines
air india,165000,3,6,Improve by 30%,2.1,3,5,Improve by 30%,2.1,air india
etihad airways,135000,4,100,Improve by 30%,2.8,7,100,Improve by 30%,4.9,etihad airways
etihad,135000,16,100,Improve by 30%,11.2,14,100,Improve by 30%,9.8,etihad
etihad airline,135000,5,100,Improve by 30%,3.5,5,100,Improve by 30%,3.5,etihad airline
air blue,110000,2,4,Improve by 30%,1.4,2,4,Improve by 30%,1.4,air blue
cebu pacific,110000,16,52,Improve by 20%,11.2,12,100,Improve by 30%,8.4,cebu pacific
emirates flights,27100,3,12,Improve by 30%,2.1,3,100,Improve by 30%,2.1,emirates flights
fly emirates,22200,8,5,Improve by 30%,5.6,3,4,Improve by 30%,2.1,fly emirates
air arabia flights,22200,9,11,Improve by 30%,6.3,7,8,Improve by 30%,4.9,air arabia flights
pia airline,12100,16,3,Improve by 30%,11.2,16,3,Improve by 30%,11.2,pia airline
pia flights,5400,24,3,Improve by 30%,16.8,27,4,Improve by 30%,18.9,pia flights
air india flight,4400,2,12,Improve by 30%,1.4,2,12,Improve by 30%,1.4,air india flight
cebu pacific air,2900,19,100,Improve by 30%,13.3,18,100,Improve by 30%,12.6,cebu pacific air
air blue airline,1900,2,4,Improve by 30%,1.4,2,4,Improve by 30%,1.4,air blue airline
air arabia airline,1000,2,3,Improve by 30%,1.4,2,5,Improve by 30%,1.4,air arabia airline
emirates flight booking,49500,6,5,Beat Tajawal,4,8,5,Beat Tajawal,4,emirates flight booking
emirates airlines booking,27100,6,5,Beat Tajawal,4,7,5,Beat Tajawal,4,emirates airlines booking
etihad airways booking,27100,7,9,Improve by 30%,4.9,7,11,Improve by 30%,4.9,etihad airways booking
flydubai online booking,27100,8,9,Improve by 30%,5.6,7,11,Improve by 30%,4.9,flydubai online booking
flydubai booking,14800,5,12,Improve by 30%,3.5,7,13,Improve by 30%,4.9,flydubai booking
emirates booking,9900,5,8,Improve by 30%,3.5,5,5,Improve by 30%,3.5,emirates booking
air india booking,9900,2,5,Improve by 30%,1.4,2,4,Improve by 30%,1.4,air india booking
air india express online booking,9900,4,8,Improve by 30%,2.8,4,8,Improve by 30%,2.8,air india express online booking
air india ticket booking,8100,3,7,Improve by 30%,2.1,5,8,Improve by 30%,3.5,air india ticket booking
pia flight booking,8100,20,3,Improve by 30%,14,15,3,Improve by 30%,10.5,pia flight booking
emirates online booking,5400,10,6,Beat Tajawal,5,9,6,Beat Tajawal,5,emirates online booking
air india online booking,4400,3,7,Improve by 30%,2.1,2,11,Improve by 30%,1.4,air india online booking
air india express booking,3600,4,8,Improve by 30%,2.8,4,8,Improve by 30%,2.8,air india express booking
air blue booking,3600,4,2,Beat Tajawal,1,4,2,Beat Tajawal,1,air blue booking
air india express ticket booking,3600,4,8,Improve by 30%,2.8,4,8,Improve by 30%,2.8,air india express ticket booking
emirates airlines ticket booking,2900,8,5,Beat Tajawal,4,7,5,Beat Tajawal,4,emirates airlines ticket booking
emirates airlines online booking,2400,9,6,Beat Tajawal,5,9,6,Beat Tajawal,5,emirates airlines online booking
etihad airways booking online,1900,7,7,Improve by 30%,4.9,7,11,Improve by 30%,4.9,etihad airways booking online
cebu pacific online booking,1900,6,4,Beat Tajawal,3,6,5,Beat Tajawal,4,cebu pacific online booking
etihad airways online booking,1900,7,7,Improve by 30%,4.9,7,8,Improve by 30%,4.9,etihad airways online booking
air india flight booking,1900,2,14,Improve by 30%,1.4,2,14,Improve by 30%,1.4,air india flight booking
air blue flight booking,1600,2,3,Improve by 30%,1.4,2,3,Improve by 30%,1.4,air blue flight booking
cebu pacific booking,1600,5,4,Beat Tajawal,3,5,4,Beat Tajawal,3,cebu pacific booking
air india express flight booking,1300,4,8,Improve by 30%,2.8,4,8,Improve by 30%,2.8,air india express flight booking
pia airlines booking,880,18,4,Improve by 30%,12.6,18,3,Improve by 30%,12.6,pia airlines booking
flydubai flight booking,880,7,11,Improve by 30%,4.9,9,13,Improve by 30%,6.3,flydubai flight booking
cheap flights,110000,2,,,Improve by 50%0,2,,Improve by 50%,0,cheap flights
flights,33100,1,,Maintain,1,1,,Maintain,1,flights
flight tickets,33100,1,,,Maintain1,1,,Maintain,1,flight tickets
booking flight,14800,1,,Maintain,1,1,,Maintain,1,booking flight
booking flights,14800,1,,,Maintain1,1,,Maintain,1,booking flights
flight booking,14800,1,,,Maintain1,1,,Maintain,1,flight booking
air ticket,12100,1,,,Maintain1,1,,Maintain,1,air ticket
cheap tickets,6600,2,,,Improve by 50%0,2,,Improve by 50%,0,cheap tickets
cheap air tickets,5400,1,,Maintain,1,1,,Maintain,1,cheap air tickets
cheap flights booking,2400,1,,Maintain,1,1,,Maintain,1,cheap flights booking
book cheap flights,2400,2,,Improve by 50%,0,2,,Improve by 50%,0,book cheap flights
cheap flight tickets booking,590,1,,Maintain,1,1,,Maintain,1,cheap flight tickets booking