Keywords,Search Volume,Initial Ranking (D),Target,Target (D),Initial Ranking (M),Target,,
cheap flights,49500,2,Improve by 50%,1,2,Improve by 50%,1,
flights,22200,5,Improve by 50%,2.5,1,Maintain,1,
flight tickets,6600,1,Maintain,1,1,Maintain,1,
booking flight,14800,1,Maintain,1,1,Maintain,1,
booking flights,14800,1,Maintain,1,1,Maintain,1,
flight booking,14800,1,Maintain,1,1,Maintain,1,
air ticket,4400,1,Maintain,1,1,Maintain,1,
cheap tickets,5400,6,Improve by 50%,3,2,Improve by 50%,1,
cheap air tickets,2400,2,Improve by 50%,1,1,Maintain,1,
cheap flights booking,1300,1,Maintain,1,1,Maintain,1,
book cheap flights,1300,2,Improve by 50%,1,2,Improve by 50%,1,
,,,,,,,,
,,,,,,,,
,,,,,,,,
,,,,,,,,
,,,,,,,,
,,,,,,,,
,,,,,,,,
,,,,,,,,
,,,,,,,,
,,,,,,,,