Keywords,Search Volume,Initial Ranking (D),Target,Target (D),Initial Ranking (M),Target,
flynas offers,2400,11,Improve by 50%,5.5,11,Improve by 50%,5.5
saudi airline offers,1900,9,Improve by 50%,4.5,9,Improve by 50%,4.5
saudi airlines offers,1900,10,Improve by 50%,5,8,Improve by 50%,4
fly dubai offers,480,8,Improve by 50%,4,8,Improve by 50%,4
air arabia offers,260,10,Improve by 50%,5,10,Improve by 50%,5
flyadeal offers,170,8,Improve by 50%,4,7,Improve by 50%,3.5
,,,,,,,
,,,,,,,
,,,,,,,
,,,,,,,
,,,,,,,
,,,,,,,
,,,,,,,
,,,,,,,
,,,,,,,
,,,,,,,
,,,,,,,
,,,,,,,
,,,,,,,
,,,,,,,
,,,,,,,