Keywords,Search Volume,Initial Ranking (D),Tajawal Ranking,Target,Target (D),Initial Ranking (M),,,,
cheap flights,110000,2,NA,Improve by 50%,1,2,NA,Improve by 50%,1,
flights,33100,1,NA,Maintain,1,1,NA,Maintain,1,
flight tickets,33100,1,NA,Maintain,1,1,NA,Maintain,1,
booking flight,14800,1,NA,Maintain,1,1,NA,Maintain,1,
booking flights,14800,1,NA,Maintain,1,1,NA,Maintain,1,
flight booking,14800,1,NA,Maintain,1,1,NA,Maintain,1,
air ticket,12100,1,NA,Maintain,1,1,NA,Maintain,1,
cheap tickets,6600,2,NA,Improve by 50%,1,2,NA,Improve by 50%,1,
cheap air tickets,5400,1,NA,Maintain,1,1,NA,Maintain,1,
cheap flights booking,2400,1,NA,Maintain,1,1,NA,Maintain,1,
book cheap flights,2400,2,NA,Improve by 50%,1,2,NA,Improve by 50%,1,
cheap flight tickets booking,590,1,NA,Maintain,1,1,NA,Maintain,1,
,,,,,,,,,,
,,,,,,,,,,
,,,,,,,,,,
,,,,,,,,,,
,,,,,,,,,,
,,,,,,,,,,
,,,,,,,,,,
,,,,,,,,,,
,,,,,,,,,,